workers,repeat,total_requests,workload_total_s,queries_per_second,startup_s,mean_latency_s,std_latency_s,p50_latency_s,p95_latency_s,mode
1,0,24,237.42591129100003,0.10108416503278997,77.970094875,9.886236623291666,1.0013441988904666,9.802938291499999,11.597238206199998,faiss+rag-distributed-aws
2,0,24,247.19931824999998,0.0970876463976656,65.143296292,10.294094581541664,1.3000929421153855,9.964892645999981,12.278874096299994,faiss+rag-distributed-aws
3,0,24,281.9471836669999,0.0851223257060292,72.64896245900002,11.740500185791674,1.5643891171056135,11.235561082999993,14.466824783900044,faiss+rag-distributed-aws
